Entity	From	To	API Call(s)	# Calls	New Backend Endpoint	List	Detail	Move	Clarify	Notes
STUFF	Inbox	Next Action	POST /v1/stuff/{id}/transform {target:action}	1			Y	Y	Y	
STUFF	Inbox	Today	transform + todayAction	2			Y	Y		Emulated
STUFF	Inbox	Calendar	transform w/ scheduled_date (+ defer if duration)	1-2			Y	Y	Y	Emulated for duration
STUFF	Inbox	Waiting For	transform + waitAction	2			Y	Y	Y	"Emulated; backend accepts waiting_for in transform"
STUFF	Inbox	Project	POST /v1/stuff/{id}/transform {target:project}	1			Y	Y	Y	Prompts for outcome
STUFF	Inbox	Someday	PATCH /v1/stuff/{id} {state:someday}	1			Y	Y	Y	
STUFF	Inbox	Reference	getStuff + uploadRefFile + deleteStuff	3	POST /v1/stuff/{id}/transform {target:file}		Y	Y	Y	"Emulated; backend now has native transform"
STUFF	Inbox	Completed	POST /v1/stuff/{id}/complete	1		Y	Y	Y	Y	CLR via two-minute Do It Now
STUFF	Inbox	Trash	POST /v1/stuff/{id}/trash	1		Y	Y	Y	Y	
STUFF	Someday	Inbox	POST /v1/stuff/{id}/activate	1		Y	Y	I		
STUFF	Someday	Trash	POST /v1/stuff/{id}/trash	1		Y	I	I		
ACTION	Next	Today	POST /v1/action/{id}/today	1			Y	Y		
ACTION	Next	Calendar	POST /v1/action/{id}/defer	1			Y	Y		Prompts for date/time/duration
ACTION	Next	Waiting	POST /v1/action/{id}/wait	1			Y	Y		Prompts for waiting_for
ACTION	Next	Someday	POST /v1/action/{id}/someday	1			Y	Y		
ACTION	Next	Project	addProject + trashAction	2	POST /v1/action/{id}/transform {target:project}		Y	Y		"Emulated; backend now has native transform"
ACTION	Next	Reference			POST /v1/action/{id}/transform {target:file}		I	I		"Not in frontend; backend has transform"
ACTION	Next	Completed	POST /v1/action/{id}/complete	1		Y	Y	Y		
ACTION	Next	Trash	POST /v1/action/{id}/trash	1		Y	Y	Y		
ACTION	Today	Next	POST /v1/action/{id}/undefer	1			Y	Y		
ACTION	Today	Calendar	POST /v1/action/{id}/defer	1			Y	Y		Prompts for date
ACTION	Today	Waiting	POST /v1/action/{id}/wait	1			Y	Y		Prompts for waiting_for
ACTION	Today	Someday	POST /v1/action/{id}/someday	1			Y	Y		
ACTION	Today	Project	addProject + trashAction	2	POST /v1/action/{id}/transform {target:project}		Y	Y		"Emulated; backend now has native transform"
ACTION	Today	Reference			POST /v1/action/{id}/transform {target:file}		I	I		"Not in frontend; backend has transform"
ACTION	Today	Completed	POST /v1/action/{id}/complete	1		Y	Y	Y		
ACTION	Today	Trash	POST /v1/action/{id}/trash	1		Y	Y	Y		
ACTION	Calendar	Next	POST /v1/action/{id}/undefer	1			Y	Y		
ACTION	Calendar	Today	POST /v1/action/{id}/today	1			Y	Y		
ACTION	Calendar	Waiting	POST /v1/action/{id}/wait	1			Y	Y		Prompts for waiting_for
ACTION	Calendar	Someday	POST /v1/action/{id}/someday	1			Y	Y		
ACTION	Calendar	Project	addProject + trashAction	2	POST /v1/action/{id}/transform {target:project}		Y	Y		"Emulated; backend now has native transform"
ACTION	Calendar	Reference			POST /v1/action/{id}/transform {target:file}		I	I		"Not in frontend; backend has transform"
ACTION	Calendar	Completed	POST /v1/action/{id}/complete	1			Y	Y		
ACTION	Calendar	Trash	POST /v1/action/{id}/trash	1			Y	Y		
ACTION	Waiting	Next	POST /v1/action/{id}/unwait	1			Y	Y		
ACTION	Waiting	Today	POST /v1/action/{id}/today	1			Y	Y		
ACTION	Waiting	Calendar	POST /v1/action/{id}/defer	1			Y	Y		Prompts for date
ACTION	Waiting	Someday	POST /v1/action/{id}/someday	1			Y	Y		
ACTION	Waiting	Project	addProject + trashAction	2	POST /v1/action/{id}/transform {target:project}		Y	Y		"Emulated; backend now has native transform"
ACTION	Waiting	Reference			POST /v1/action/{id}/transform {target:file}		I	I		"Not in frontend; backend has transform"
ACTION	Waiting	Completed	POST /v1/action/{id}/complete	1		Y	Y	Y		
ACTION	Waiting	Trash	POST /v1/action/{id}/trash	1		Y	Y	Y		
ACTION	Someday	Next	POST /v1/action/{id}/activate	1		Y	Y	Y		
ACTION	Someday	Today	activateAction + todayAction	2			I	Y		Emulated
ACTION	Someday	Calendar	POST /v1/action/{id}/defer	1			I	Y		Backend handles directly
ACTION	Someday	Waiting	POST /v1/action/{id}/wait	1			I	Y		Backend handles directly
ACTION	Someday	Project	addProject + trashAction	2	POST /v1/action/{id}/transform {target:project}		I	Y		"Emulated; backend now has native transform"
ACTION	Someday	Reference			POST /v1/action/{id}/transform {target:file}		I	I		"Not in frontend; backend has transform"
ACTION	Someday	Completed	POST /v1/action/{id}/complete	1			I	Y		
ACTION	Someday	Trash	POST /v1/action/{id}/trash	1		Y	I	Y		
PROJECT	Project	Action			POST /v1/project/{id}/transform {target:action}		I	I		"Not in frontend; backend has transform"
PROJECT	Project	Reference			POST /v1/project/{id}/transform {target:file}		I	I		"Not in frontend; backend has transform"
PROJECT	Project	Completed	POST /v1/project/{id}/complete	1			Y	I		
PROJECT	Project	Trash	POST /v1/project/{id}/trash	1		Y	Y	I		
PROJECT	Project	Someday	POST /v1/project/{id}/someday	1			Y	I		Invalid state
PROJECT	Someday	Active	POST /v1/project/{id}/activate	1		Y	Y	I		
PROJECT	Someday	Action			POST /v1/project/{id}/transform {target:action}		I	I		"Not in frontend; backend has transform"
PROJECT	Someday	Reference			POST /v1/project/{id}/transform {target:file}		I	I		"Not in frontend; backend has transform"
PROJECT	Someday	Completed	POST /v1/project/{id}/complete	1			I	I		
PROJECT	Someday	Trash	POST /v1/project/{id}/trash	1		Y	Y	I		
STUFF	Completed	Inbox	POST /v1/stuff/{id}/uncomplete	1		Y	Y	I		
ACTION	Completed	Next	POST /v1/action/{id}/uncomplete	1		Y	Y	I		
PROJECT	Completed	Active	POST /v1/project/{id}/uncomplete	1		Y	Y	I		
STUFF	Trash	Inbox	POST /v1/stuff/{id}/restore	1		Y				
PROJECT	Trash	Active	POST /v1/project/{id}/restore	1		Y				
ACTION	Trash	Next	POST /v1/action/{id}/restore	1		Y				
REFERENCE	File	Stuff			POST /v1/reference/files/{id}/transform {target:stuff}		I	I		"Not in frontend; backend has transform (source_type=1 only)"
REFERENCE	File	Action			POST /v1/reference/files/{id}/transform {target:action}		I	I		"Not in frontend; backend has transform (source_type=2 only)"
REFERENCE	File	Project			POST /v1/reference/files/{id}/transform {target:project}		I	I		"Not in frontend; backend has transform (source_type=3 only)"